{
  "name": "atr_spike_fade_long_vantage2022_k1",
  "n_entries": 2070,
  "created": "2026-07-24T03:16:19+00:00",
  "windows": {
    "1200": {
      "n": 2070,
      "mfe_median_pct": 1.3332039112324903,
      "mfe_std_pct": 1.956160213162516,
      "mae_median_pct": -1.4643341327641213,
      "mae_std_pct": 2.3699767662204074,
      "ratio_median": 0.9104506146530194,
      "verdict": "死(<1.0)",
      "mfe_median_R": 2.0997703814032995,
      "mfe_std_R": 2.8867913095745563,
      "mae_median_R": -2.2604328075092104,
      "mae_std_R": 3.723684414274429,
      "reach": {
        "0.5R": 0.8840579710144928,
        "1.0R": 0.7478260869565218,
        "1.5R": 0.6304347826086957,
        "2.0R": 0.5217391304347826,
        "3.0R": 0.3342995169082126
      },
      "stop_hit": 0.7352657004830918
    },
    "4800": {
      "n": 2069,
      "mfe_median_pct": 2.9426804748978475,
      "mfe_std_pct": 3.6866831386838315,
      "mae_median_pct": -2.7671305806645954,
      "mae_std_pct": 4.181697393461888,
      "ratio_median": 1.0634411312064245,
      "verdict": "境界(1.0-1.2)",
      "mfe_median_R": 4.3786998248626,
      "mfe_std_R": 7.056704876197035,
      "mae_median_R": -4.125949421643812,
      "mae_std_R": 7.475316349723007,
      "reach": {
        "0.5R": 0.9395843402609957,
        "1.0R": 0.8724021266312229,
        "1.5R": 0.8134364427259546,
        "2.0R": 0.751087481875302,
        "3.0R": 0.6413726437892702
      },
      "stop_hit": 0.8569357177380377
    }
  }
}