{
  "name": "atr_spike_fade_long_binance_k1",
  "n_entries": 3728,
  "created": "2026-07-24T03:16:18+00:00",
  "windows": {
    "1200": {
      "n": 3727,
      "mfe_median_pct": 1.5700869294334108,
      "mfe_std_pct": 2.545410249524361,
      "mae_median_pct": -1.7085133433355584,
      "mae_std_pct": 3.2752539485271424,
      "ratio_median": 0.9189784414373403,
      "verdict": "死(<1.0)",
      "mfe_median_R": 2.0404361012977668,
      "mfe_std_R": 2.948865521894953,
      "mae_median_R": -2.2384356261009435,
      "mae_std_R": 3.7527392050481376,
      "reach": {
        "0.5R": 0.8883820767373223,
        "1.0R": 0.7547625436007512,
        "1.5R": 0.6232895089884626,
        "2.0R": 0.5100617118325731,
        "3.0R": 0.32304802790448084
      },
      "stop_hit": 0.7502012342366514
    },
    "4800": {
      "n": 3725,
      "mfe_median_pct": 3.298862184734476,
      "mfe_std_pct": 4.705351537173978,
      "mae_median_pct": -3.216117547727208,
      "mae_std_pct": 5.291572261979758,
      "ratio_median": 1.0257281134098293,
      "verdict": "境界(1.0-1.2)",
      "mfe_median_R": 4.192570715229261,
      "mfe_std_R": 6.841933687918133,
      "mae_median_R": -4.1344722253890795,
      "mae_std_R": 6.997768278911636,
      "reach": {
        "0.5R": 0.9404026845637584,
        "1.0R": 0.8714093959731544,
        "1.5R": 0.8045637583892618,
        "2.0R": 0.7420134228187919,
        "3.0R": 0.6281879194630873
      },
      "stop_hit": 0.8657718120805369
    }
  }
}