{
  "name": "atr_vol_spike_trigger__tieback_gold_h1",
  "n_entries": 477,
  "created": "2026-07-21T06:05:45+00:00",
  "windows": {
    "1200": {
      "n": 477,
      "mfe_median_pct": 0.4549846689948505,
      "mfe_std_pct": 0.5824064448194355,
      "mae_median_pct": -0.436127318950496,
      "mae_std_pct": 0.723258163114516,
      "ratio_median": 1.0432381766171703,
      "verdict": "境界(1.0-1.2)",
      "mfe_median_R": 2.157479153871646,
      "mfe_std_R": 2.5261848948879377,
      "mae_median_R": -1.920395604546423,
      "mae_std_R": 2.565916477187743,
      "reach": {
        "0.5R": 0.8637316561844863,
        "1.0R": 0.7568134171907757,
        "1.5R": 0.6582809224318659,
        "2.0R": 0.5324947589098532,
        "3.0R": 0.3312368972746331
      },
      "stop_hit": 0.7023060796645703
    },
    "3600": {
      "n": 477,
      "mfe_median_pct": 0.790511827214533,
      "mfe_std_pct": 1.0044276399272725,
      "mae_median_pct": -0.6015029789707458,
      "mae_std_pct": 1.1706343893067395,
      "ratio_median": 1.314227617903418,
      "verdict": "深掘り可(>1.2)",
      "mfe_median_R": 3.492555627230128,
      "mfe_std_R": 4.14801890398653,
      "mae_median_R": -2.877810920102218,
      "mae_std_R": 3.811356569269693,
      "reach": {
        "0.5R": 0.9224318658280922,
        "1.0R": 0.8511530398322851,
        "1.5R": 0.7672955974842768,
        "2.0R": 0.710691823899371,
        "3.0R": 0.5681341719077568
      },
      "stop_hit": 0.7819706498951782
    }
  }
}