{
  "name": "atr_spike_btc_h1",
  "n_entries": 701,
  "created": "2026-07-21T07:01:47+00:00",
  "windows": {
    "1200": {
      "n": 697,
      "mfe_median_pct": 1.7440049427432218,
      "mfe_std_pct": 2.73107949393675,
      "mae_median_pct": -1.127291192741008,
      "mae_std_pct": 2.2441462296880794,
      "ratio_median": 1.5470758167662735,
      "verdict": "深掘り可(>1.2)",
      "mfe_median_R": 2.7769824744280216,
      "mfe_std_R": 5.040366015820118,
      "mae_median_R": -1.8074793614520137,
      "mae_std_R": 3.2209048954662607,
      "reach": {
        "0.5R": 0.8995695839311334,
        "1.0R": 0.7847919655667145,
        "1.5R": 0.6901004304160688,
        "2.0R": 0.6154949784791965,
        "3.0R": 0.45767575322812054
      },
      "stop_hit": 0.6901004304160688
    },
    "3600": {
      "n": 699,
      "mfe_median_pct": 2.7068893543081183,
      "mfe_std_pct": 4.04231194342388,
      "mae_median_pct": -2.015812476391996,
      "mae_std_pct": 3.2479034227996575,
      "ratio_median": 1.3428279594503982,
      "verdict": "深掘り可(>1.2)",
      "mfe_median_R": 4.115541735036687,
      "mfe_std_R": 8.155222105211273,
      "mae_median_R": -3.2424101855564103,
      "mae_std_R": 4.853725067782882,
      "reach": {
        "0.5R": 0.9356223175965666,
        "1.0R": 0.8569384835479256,
        "1.5R": 0.7968526466380543,
        "2.0R": 0.7453505007153076,
        "3.0R": 0.6108726752503576
      },
      "stop_hit": 0.7954220314735336
    }
  }
}